,TempMax_Deg,TempMin_Deg,Wind_kmh,Wet_percent,Visibility_km,CloudCoverage_percent,Dayduration_hour,day
alsace,4,2,4,89,8.625,54,8:23:0,2021/01/01
aquitaine,7,4,8,87,10,27,8:52:0,2021/01/01
ardeche,4,2,13,98,4.75,98,8:53:0,2021/01/01
auvergne,1,-2,8,97,7.625,94,8:45:0,2021/01/01
bourgogne,2,-1,12,91,10,65,8:33:0,2021/01/01
bretagne,5,0,8,90,10,18,8:27:0,2021/01/01
centre,4,0,7,86,10,43,8:29:0,2021/01/01
champagne-ardenne,3,1,8,97,3.125,97,8:17:0,2021/01/01
corse,8,6,14,93,7.125,96,9:12:0,2021/01/01
franche-comte,2,0,9,94,8.625,82,8:35:0,2021/01/01
ile-de-re,6,3,17,85,10,26,8:43:0,2021/01/01
ile-de-france,3,2,7,86,7.75,83,8:21:0,2021/01/01
languedoc-roussillon,8,5,25,85,9.75,91,9:1:0,2021/01/01
limousin,3,-1,8,95,6.625,40,8:45:0,2021/01/01
lorraine,2,1,10,94,8.125,83,8:18:0,2021/01/01
midi-pyrenees,6,3,12,94,8,67,9:2:0,2021/01/01
nord-pas-de-calais,3,2,10,97,4.625,87,8:8:0,2021/01/01
normandie,4,1,8,85,8.375,74,8:18:0,2021/01/01
pays-de-la-loire,5,0,13,91,10,26,8:34:0,2021/01/01
picardie,3,0,9,97,6.25,87,8:11:0,2021/01/01
poitou-charentes,6,3,17,85,10,26,8:43:0,2021/01/01
rh-ne-alpes,3,2,14,95,4.875,97,8:45:0,2021/01/01
provence-alpes-c-te-d-azur,11,10,8,79,8.875,95,9:3:0,2021/01/01
alsace,2,-1,13,91,10,75,8:24:0,2021/01/02
aquitaine,4,0,14,86,10,25,8:53:0,2021/01/02
ardeche,2,-1,21,89,6.375,79,8:54:0,2021/01/02
auvergne,-1,-3,15,94,5.625,99,8:46:0,2021/01/02
bourgogne,2,-1,19,89,10,82,8:34:0,2021/01/02
bretagne,5,,9,91,8.375,53,8:28:0,2021/01/02
centre,3,0,11,81,10,33,8:30:0,2021/01/02
champagne-ardenne,3,-1,8,93,10,33,8:18:0,2021/01/02
corse,10,4,19,83,7.875,79,9:13:0,2021/01/02
franche-comte,2,-1,13,93,7,92,8:36:0,2021/01/02
ile-de-re,5,1,18,85,10,9,8:43:0,2021/01/02
ile-de-france,5,2,7,76,10,55,8:22:0,2021/01/02
languedoc-roussillon,5,3,21,95,7.5,98,9:2:0,2021/01/02
limousin,1,-1,14,82,8,75,8:46:0,2021/01/02
lorraine,2,-2,14,92,10,37,8:19:0,2021/01/02
midi-pyrenees,3,0,26,86,8.375,95,9:3:0,2021/01/02
nord-pas-de-calais,5,0,9,89,10,34,8:9:0,2021/01/02
normandie,5,0,10,91,9.5,79,8:19:0,2021/01/02
pays-de-la-loire,5,,9,92,10,24,8:35:0,2021/01/02
picardie,5,0,8,89,9.375,40,8:12:0,2021/01/02
poitou-charentes,5,1,18,85,10,9,8:44:0,2021/01/02
rh-ne-alpes,1,0,16,90,2.75,100,8:46:0,2021/01/02
provence-alpes-c-te-d-azur,8,6,23,83,6.875,95,9:4:0,2021/01/02
alsace,1,-1,9,91,7.75,96,8:25:0,2021/01/03
aquitaine,5,2,6,84,9.875,68,8:54:0,2021/01/03
ardeche,2,0,14,75,10,62,8:55:0,2021/01/03
auvergne,1,-1,8,89,6.125,100,8:47:0,2021/01/03
bourgogne,1,-1,10,93,7,95,8:35:0,2021/01/03
bretagne,2,,10,97,6.25,94,8:29:0,2021/01/03
centre,3,1,9,96,6.25,89,8:31:0,2021/01/03
champagne-ardenne,3,-1,11,92,10,56,8:19:0,2021/01/03
corse,9,4,8,84,9.875,73,9:14:0,2021/01/03
franche-comte,1,-2,5,97,4.375,96,8:37:0,2021/01/03
ile-de-re,4,3,12,90,9.625,74,8:44:0,2021/01/03
ile-de-france,4,2,10,92,10,72,8:23:0,2021/01/03
languedoc-roussillon,7,4,24,62,10,65,9:3:0,2021/01/03
limousin,2,1,5,97,5.75,89,8:47:0,2021/01/03
lorraine,1,-2,11,93,9.625,73,8:21:0,2021/01/03
midi-pyrenees,5,0,13,85,8.625,62,9:3:0,2021/01/03
nord-pas-de-calais,3,0,14,97,5.375,91,8:11:0,2021/01/03
normandie,4,2,8,97,7.625,97,8:20:0,2021/01/03
pays-de-la-loire,3,,11,95,7.625,83,8:36:0,2021/01/03
picardie,3,1,13,96,5.625,88,8:14:0,2021/01/03
poitou-charentes,4,3,12,90,9.625,74,8:45:0,2021/01/03
rh-ne-alpes,2,-1,11,91,5.5,91,8:47:0,2021/01/03
provence-alpes-c-te-d-azur,9,5,31,76,9,68,9:5:0,2021/01/03
alsace,2,1,7,98,6,93,8:26:0,2021/01/04
aquitaine,4,2,13,91,10,70,8:55:0,2021/01/04
ardeche,2,-1,12,82,10,68,8:56:0,2021/01/04
auvergne,0,-3,4,95,7.125,88,8:49:0,2021/01/04
bourgogne,1,-1,5,93,9.75,100,8:37:0,2021/01/04
bretagne,3,,16,95,7.75,96,8:30:0,2021/01/04
centre,1,-7,11,97,2.5,100,8:33:0,2021/01/04
champagne-ardenne,3,1,15,97,7.75,100,8:20:0,2021/01/04
corse,9,8,18,86,7.75,89,9:15:0,2021/01/04
franche-comte,2,-1,5,95,6.625,98,8:38:0,2021/01/04
ile-de-re,3,1,19,91,8.375,76,8:45:0,2021/01/04
ile-de-france,3,2,13,95,6.875,100,8:24:0,2021/01/04
languedoc-roussillon,4,3,15,79,9.875,62,9:4:0,2021/01/04
limousin,1,-3,8,96,6.625,49,8:48:0,2021/01/04
lorraine,1,-1,8,98,5.75,100,8:22:0,2021/01/04
midi-pyrenees,5,2,8,93,9,90,9:4:0,2021/01/04
nord-pas-de-calais,2,2,23,96,5.625,100,8:12:0,2021/01/04
normandie,4,2,22,89,8.375,99,8:22:0,2021/01/04
pays-de-la-loire,2,0,15,97,4.75,91,8:37:0,2021/01/04
picardie,2,1,22,96,8.375,100,8:16:0,2021/01/04
poitou-charentes,3,1,19,91,8.375,76,8:46:0,2021/01/04
rh-ne-alpes,1,0,8,86,10,99,8:49:0,2021/01/04
provence-alpes-c-te-d-azur,7,5,13,81,6,89,9:6:0,2021/01/04
alsace,3,0,11,94,8.375,88,8:27:0,2021/01/05
aquitaine,3,0,8,85,10,79,8:56:0,2021/01/05
ardeche,2,-2,10,94,8,68,8:57:0,2021/01/05
auvergne,,-2,8,96,5.125,98,8:50:0,2021/01/05
bourgogne,2,-1,11,93,7.375,87,8:38:0,2021/01/05
bretagne,3,0,13,96,8.375,86,8:31:0,2021/01/05
centre,2,1,12,96,6.25,98,8:34:0,2021/01/05
champagne-ardenne,3,1,16,97,9.25,99,8:23:0,2021/01/05
corse,8,7,9,85,8.375,86,9:15:0,2021/01/05
franche-comte,2,-1,9,86,8.375,66,8:39:0,2021/01/05
ile-de-re,4,1,17,85,9.625,80,8:47:0,2021/01/05
ile-de-france,3,2,14,94,7.75,99,8:26:0,2021/01/05
languedoc-roussillon,6,3,12,90,8,75,9:5:0,2021/01/05
limousin,0,-3,8,96,6,85,8:49:0,2021/01/05
lorraine,2,0,15,94,8,91,8:23:0,2021/01/05
midi-pyrenees,2,0,17,91,5.75,95,9:5:0,2021/01/05
nord-pas-de-calais,2,1,21,96,9,100,8:13:0,2021/01/05
normandie,4,2,15,90,9.5,94,8:23:0,2021/01/05
pays-de-la-loire,3,1,13,98,5.875,97,8:39:0,2021/01/05
picardie,2,-3,20,97,8.75,100,8:17:0,2021/01/05
poitou-charentes,4,1,17,85,9.625,80,8:47:0,2021/01/05
rh-ne-alpes,2,0,7,91,5.375,98,8:50:0,2021/01/05
provence-alpes-c-te-d-azur,7,4,15,87,10,44,9:7:0,2021/01/05
alsace,2,1,8,97,2.5,100,8:30:0,2021/01/06
aquitaine,5,2,6,76,10,41,8:57:0,2021/01/06
ardeche,1,-4,11,88,10,16,8:59:0,2021/01/06
auvergne,,-5,3,95,4.125,96,8:51:0,2021/01/06
bourgogne,2,-2,4,94,7,87,8:40:0,2021/01/06
bretagne,3,-1,8,91,10,67,8:34:0,2021/01/06
centre,2,0,10,96,6.25,96,8:35:0,2021/01/06
champagne-ardenne,2,0,11,95,5.25,96,8:24:0,2021/01/06
corse,7,4,13,85,8.75,81,9:16:0,2021/01/06
franche-comte,1,-2,7,92,7.25,86,8:40:0,2021/01/06
ile-de-re,3,1,13,90,10,80,8:48:0,2021/01/06
ile-de-france,3,1,11,95,9.375,97,8:27:0,2021/01/06
languedoc-roussillon,8,2,10,68,10,6,9:6:0,2021/01/06
limousin,1,-2,4,89,8,88,8:50:0,2021/01/06
lorraine,1,0,10,97,4.75,100,8:25:0,2021/01/06
midi-pyrenees,3,2,9,82,9.625,88,9:6:0,2021/01/06
nord-pas-de-calais,2,1,12,95,7.375,99,8:14:0,2021/01/06
normandie,4,0,4,92,10,73,8:25:0,2021/01/06
pays-de-la-loire,3,-2,7,96,7,77,8:41:0,2021/01/06
picardie,2,0,13,95,8,91,8:18:0,2021/01/06
poitou-charentes,3,1,13,90,10,80,8:48:0,2021/01/06
rh-ne-alpes,1,-1,7,88,8.125,88,8:51:0,2021/01/06
provence-alpes-c-te-d-azur,6,3,25,75,10,20,9:8:0,2021/01/06
alsace,2,-1,6,93,6.125,88,8:31:0,2021/01/07
aquitaine,4,0,9,78,10,23,8:59:0,2021/01/07
ardeche,1,-4,13,90,10,23,9:0:0,2021/01/07
auvergne,,-3,5,98,5.5,93,8:52:0,2021/01/07
bourgogne,2,-1,7,96,9,89,8:41:0,2021/01/07
bretagne,4,-1,6,90,9.375,56,8:35:0,2021/01/07
centre,3,0,8,95,7.625,82,8:36:0,2021/01/07
champagne-ardenne,2,0,10,96,4.5,99,8:25:0,2021/01/07
corse,8,4,10,75,10,55,9:17:0,2021/01/07
franche-comte,1,-2,4,93,8.75,97,8:41:0,2021/01/07
ile-de-re,4,1,15,87,9.625,64,8:50:0,2021/01/07
ile-de-france,3,1,7,92,6.75,85,8:28:0,2021/01/07
languedoc-roussillon,5,2,15,62,10,53,9:8:0,2021/01/07
limousin,1,-3,10,96,8.75,66,8:53:0,2021/01/07
lorraine,0,-2,14,97,6.125,95,8:27:0,2021/01/07
midi-pyrenees,3,0,8,84,10,52,9:7:0,2021/01/07
nord-pas-de-calais,3,2,15,95,5.625,93,8:17:0,2021/01/07
normandie,4,2,10,93,7.5,96,8:26:0,2021/01/07
pays-de-la-loire,4,-1,7,95,8,44,8:42:0,2021/01/07
picardie,3,1,15,98,9,79,8:20:0,2021/01/07
poitou-charentes,4,1,15,87,9.625,64,8:50:0,2021/01/07
rh-ne-alpes,2,0,10,91,8.75,81,8:52:0,2021/01/07
provence-alpes-c-te-d-azur,7,2,13,72,10,73,9:10:0,2021/01/07
alsace,2,-2,9,88,8,91,8:32:0,2021/01/08
aquitaine,4,1,9,82,10,7,9:1:0,2021/01/08
ardeche,1,-4,17,89,10,23,9:1:0,2021/01/08
auvergne,,-4,7,96,7.625,88,8:54:0,2021/01/08
bourgogne,1,-2,7,93,9.75,68,8:42:0,2021/01/08
bretagne,4,-1,10,91,8.75,82,8:36:0,2021/01/08
centre,3,-1,4,89,9.625,57,8:38:0,2021/01/08
champagne-ardenne,2,-2,8,95,7.375,77,8:27:0,2021/01/08
corse,10,4,7,65,10,61,9:19:0,2021/01/08
franche-comte,1,-2,8,97,6.75,77,8:43:0,2021/01/08
ile-de-re,5,1,9,83,10,28,8:51:0,2021/01/08
ile-de-france,3,1,5,88,10,51,8:31:0,2021/01/08
languedoc-roussillon,6,2,15,61,10,49,9:9:0,2021/01/08
limousin,1,-3,8,97,7.5,45,8:54:0,2021/01/08
lorraine,,0,14,95,7.25,86,8:28:0,2021/01/08
midi-pyrenees,3,-1,9,87,10,46,9:9:0,2021/01/08
nord-pas-de-calais,3,-1,10,90,8.375,61,8:18:0,2021/01/08
normandie,3,0,15,94,8.875,57,8:27:0,2021/01/08
pays-de-la-loire,5,-1,7,90,10,54,8:43:0,2021/01/08
picardie,3,-1,10,92,9.375,69,8:22:0,2021/01/08
poitou-charentes,5,1,9,83,10,28,8:51:0,2021/01/08
rh-ne-alpes,1,-1,11,86,9.5,92,8:54:0,2021/01/08
provence-alpes-c-te-d-azur,8,5,12,62,10,62,9:11:0,2021/01/08
alsace,1,-2,15,89,10,78,8:34:0,2021/01/09
aquitaine,5,0,15,74,10,63,9:2:0,2021/01/09
ardeche,1,-2,16,85,10,55,9:2:0,2021/01/09
auvergne,0,-5,12,95,10,81,8:56:0,2021/01/09
bourgogne,1,-3,23,91,10,49,8:44:0,2021/01/09
bretagne,4,-2,22,93,10,8,8:38:0,2021/01/09
centre,3,-1,21,90,10,32,8:40:0,2021/01/09
champagne-ardenne,2,-1,18,94,9,33,8:29:0,2021/01/09
corse,7,5,13,82,7.875,88,9:20:0,2021/01/09
franche-comte,1,-2,22,82,10,64,8:44:0,2021/01/09
ile-de-re,5,2,40,77,10,38,8:52:0,2021/01/09
ile-de-france,3,1,19,90,10,23,8:32:0,2021/01/09
languedoc-roussillon,6,3,30,68,10,74,9:10:0,2021/01/09
limousin,2,-1,17,77,10,51,8:55:0,2021/01/09
lorraine,0,-3,15,95,8,65,8:29:0,2021/01/09
midi-pyrenees,5,0,7,71,10,84,9:10:0,2021/01/09
nord-pas-de-calais,3,0,13,95,7.625,50,8:20:0,2021/01/09
normandie,4,-1,22,93,10,25,8:30:0,2021/01/09
pays-de-la-loire,4,-2,29,93,10,14,8:45:0,2021/01/09
picardie,4,-1,16,95,9,47,8:23:0,2021/01/09
poitou-charentes,5,2,40,77,10,38,8:52:0,2021/01/09
rh-ne-alpes,1,-2,11,84,10,64,8:56:0,2021/01/09
provence-alpes-c-te-d-azur,9,6,14,51,10,77,9:12:0,2021/01/09
alsace,0,-2,14,84,10,31,8:36:0,2021/01/10
aquitaine,4,0,21,70,10,10,9:4:0,2021/01/10
ardeche,0,-4,19,86,10,9,9:4:0,2021/01/10
auvergne,-2,-5,14,91,8.375,81,8:57:0,2021/01/10
bourgogne,0,-4,23,91,10,25,8:45:0,2021/01/10
bretagne,5,-2,15,92,10,6,8:39:0,2021/01/10
centre,3,-1,20,82,10,7,8:41:0,2021/01/10
champagne-ardenne,2,-2,12,94,9,20,8:31:0,2021/01/10
corse,11,6,9,91,8.375,84,9:22:0,2021/01/10
franche-comte,0,-3,24,79,10,23,8:46:0,2021/01/10
ile-de-re,5,1,36,79,10,2,8:54:0,2021/01/10
ile-de-france,4,0,12,88,10,13,8:34:0,2021/01/10
languedoc-roussillon,5,2,26,64,10,51,9:11:0,2021/01/10
limousin,1,-3,18,80,10,9,8:56:0,2021/01/10
lorraine,-1,-4,17,91,10,21,8:32:0,2021/01/10
midi-pyrenees,3,-1,16,80,10,32,9:12:0,2021/01/10
nord-pas-de-calais,4,,6,88,10,12,8:22:0,2021/01/10
normandie,5,0,8,88,10,29,8:31:0,2021/01/10
pays-de-la-loire,5,-1,24,86,10,5,8:46:0,2021/01/10
picardie,4,-1,7,90,10,8,8:25:0,2021/01/10
poitou-charentes,5,1,36,79,10,2,8:55:0,2021/01/10
rh-ne-alpes,0,-2,15,80,10,53,8:57:0,2021/01/10
provence-alpes-c-te-d-azur,7,6,16,56,10,59,9:13:0,2021/01/10
alsace,0,-3,8,88,10,15,8:38:0,2021/01/11
aquitaine,5,-2,11,90,10,9,9:5:0,2021/01/11
ardeche,1,-4,13,77,10,16,9:6:0,2021/01/11
auvergne,2,-6,5,93,10,34,8:58:0,2021/01/11
bourgogne,1,-4,9,92,10,13,8:48:0,2021/01/11
bretagne,6,0,13,90,10,49,8:42:0,2021/01/11
centre,4,-1,6,92,10,30,8:43:0,2021/01/11
champagne-ardenne,4,-1,11,88,10,52,8:32:0,2021/01/11
corse,7,4,8,87,7.75,80,9:23:0,2021/01/11
franche-comte,1,-5,8,81,10,6,8:48:0,2021/01/11
ile-de-re,5,1,18,85,10,6,8:55:0,2021/01/11
ile-de-france,4,1,8,84,10,50,8:36:0,2021/01/11
languedoc-roussillon,8,1,12,67,10,22,9:13:0,2021/01/11
limousin,3,-4,8,94,9,13,8:58:0,2021/01/11
lorraine,1,-3,6,83,10,26,8:33:0,2021/01/11
midi-pyrenees,1,-3,16,92,10,44,9:13:0,2021/01/11
nord-pas-de-calais,5,0,17,94,10,70,8:24:0,2021/01/11
normandie,6,1,18,92,10,71,8:33:0,2021/01/11
pays-de-la-loire,6,-1,8,92,10,24,8:49:0,2021/01/11
picardie,5,0,16,93,9,67,8:28:0,2021/01/11
poitou-charentes,5,1,18,85,10,6,8:56:0,2021/01/11
rh-ne-alpes,2,-3,7,81,10,38,8:58:0,2021/01/11
provence-alpes-c-te-d-azur,9,6,10,82,10,31,9:15:0,2021/01/11
alsace,3,0,22,94,8.75,96,8:39:0,2021/01/12
aquitaine,8,4,13,88,10,96,9:6:0,2021/01/12
ardeche,6,-2,17,87,10,50,9:7:0,2021/01/12
auvergne,4,0,11,93,8.25,96,9:0:0,2021/01/12
bourgogne,4,1,21,97,9,95,8:49:0,2021/01/12
bretagne,10,6,24,91,10,91,8:43:0,2021/01/12
centre,8,4,26,92,8.5,100,8:44:0,2021/01/12
champagne-ardenne,7,5,31,97,7.25,100,8:35:0,2021/01/12
corse,8,7,7,82,10,66,9:24:0,2021/01/12
franche-comte,3,0,24,97,8,100,8:49:0,2021/01/12
ile-de-re,10,9,28,83,10,95,8:57:0,2021/01/12
ile-de-france,9,6,23,95,8.5,100,8:38:0,2021/01/12
languedoc-roussillon,10,3,32,65,10,13,9:14:0,2021/01/12
limousin,4,1,11,98,1.75,100,8:59:0,2021/01/12
lorraine,4,3,30,95,6.375,100,8:35:0,2021/01/12
midi-pyrenees,5,1,19,75,10,82,9:14:0,2021/01/12
nord-pas-de-calais,8,7,30,92,6.875,97,8:25:0,2021/01/12
normandie,10,9,35,92,8.125,100,8:35:0,2021/01/12
pays-de-la-loire,11,7,27,88,10,96,8:50:0,2021/01/12
picardie,8,3,35,96,5.25,100,8:29:0,2021/01/12
poitou-charentes,10,9,28,83,10,95,8:57:0,2021/01/12
rh-ne-alpes,2,-1,6,95,7.25,97,9:0:0,2021/01/12
provence-alpes-c-te-d-azur,10,3,53,64,10,13,9:16:0,2021/01/12
alsace,4,-1,10,88,9.375,82,8:42:0,2021/01/13
aquitaine,11,9,15,92,9.75,69,9:8:0,2021/01/13
ardeche,8,5,12,93,7.25,62,9:9:0,2021/01/13
auvergne,7,6,16,95,9.125,82,9:2:0,2021/01/13
bourgogne,5,2,10,98,4.375,100,8:51:0,2021/01/13
bretagne,10,8,20,93,10,84,8:45:0,2021/01/13
centre,10,8,22,97,7.125,97,8:47:0,2021/01/13
champagne-ardenne,4,1,6,97,9.375,78,8:36:0,2021/01/13
corse,10,3,11,76,10,13,9:26:0,2021/01/13
franche-comte,5,2,11,99,3,100,8:52:0,2021/01/13
ile-de-re,11,10,25,88,10,79,8:59:0,2021/01/13
ile-de-france,9,5,20,98,5.25,97,8:39:0,2021/01/13
languedoc-roussillon,13,11,38,71,10,14,9:15:0,2021/01/13
limousin,8,7,13,97,7.375,92,9:2:0,2021/01/13
lorraine,4,-2,16,92,8,67,8:37:0,2021/01/13
midi-pyrenees,10,6,27,91,9,90,9:16:0,2021/01/13
nord-pas-de-calais,4,1,9,97,9.25,86,8:28:0,2021/01/13
normandie,10,9,28,91,9.75,88,8:37:0,2021/01/13
pays-de-la-loire,10,8,19,94,10,79,8:52:0,2021/01/13
picardie,8,3,15,97,8.125,78,8:31:0,2021/01/13
poitou-charentes,11,10,25,88,10,79,8:59:0,2021/01/13
rh-ne-alpes,5,4,5,98,7.5,95,9:2:0,2021/01/13
provence-alpes-c-te-d-azur,13,10,45,74,10,25,9:17:0,2021/01/13
alsace,2,1,5,98,2.75,98,8:43:0,2021/01/14
aquitaine,10,8,17,90,9,79,9:10:0,2021/01/14
ardeche,9,4,19,86,8.375,42,9:10:0,2021/01/14
auvergne,7,4,8,92,8.875,78,9:4:0,2021/01/14
bourgogne,7,6,23,92,7.75,98,8:53:0,2021/01/14
bretagne,11,8,23,91,8,89,8:47:0,2021/01/14
centre,8,7,18,92,6.375,81,8:49:0,2021/01/14
champagne-ardenne,3,2,20,96,7.125,100,8:38:0,2021/01/14
corse,12,8,8,82,10,27,9:27:0,2021/01/14
franche-comte,6,5,17,98,7.25,100,8:54:0,2021/01/14
ile-de-re,11,10,33,92,9,81,9:1:0,2021/01/14
ile-de-france,9,8,18,89,6.625,98,8:42:0,2021/01/14
languedoc-roussillon,12,8,36,67,10,3,9:18:0,2021/01/14
limousin,7,5,13,96,5.625,92,9:3:0,2021/01/14
lorraine,2,0,12,100,3.5,100,8:39:0,2021/01/14
midi-pyrenees,8,6,22,86,9.375,84,9:17:0,2021/01/14
nord-pas-de-calais,4,3,23,96,7.5,100,8:30:0,2021/01/14
normandie,10,8,29,91,5,98,8:39:0,2021/01/14
pays-de-la-loire,12,9,26,90,9,91,8:53:0,2021/01/14
picardie,8,7,11,97,7.25,100,8:34:0,2021/01/14
poitou-charentes,11,10,33,92,9,81,9:2:0,2021/01/14
rh-ne-alpes,8,4,5,91,8.625,88,9:4:0,2021/01/14
provence-alpes-c-te-d-azur,13,10,59,68,10,3,9:20:0,2021/01/14
alsace,0,-3,10,94,7,54,8:45:0,2021/01/15
aquitaine,9,6,16,89,10,72,9:12:0,2021/01/15
ardeche,7,3,19,87,10,61,9:12:0,2021/01/15
auvergne,6,3,16,95,7.5,100,9:5:0,2021/01/15
bourgogne,6,2,17,96,7.125,88,8:55:0,2021/01/15
bretagne,7,5,18,81,10,57,8:49:0,2021/01/15
centre,8,3,22,85,8.75,72,8:51:0,2021/01/15
champagne-ardenne,2,0,17,90,8.875,72,8:41:0,2021/01/15
corse,11,9,8,77,9.375,70,9:28:0,2021/01/15
franche-comte,5,2,13,98,6.625,88,8:55:0,2021/01/15
ile-de-re,8,7,30,82,10,55,9:3:0,2021/01/15
ile-de-france,5,2,17,89,9.875,53,8:44:0,2021/01/15
languedoc-roussillon,11,9,36,69,10,28,9:19:0,2021/01/15
limousin,6,3,16,94,9.25,95,9:5:0,2021/01/15
lorraine,-1,-3,18,91,7,54,8:42:0,2021/01/15
midi-pyrenees,8,7,27,88,9.625,84,9:20:0,2021/01/15
nord-pas-de-calais,1,-1,18,88,8.25,62,8:33:0,2021/01/15
normandie,6,4,24,84,8.875,72,8:41:0,2021/01/15
pays-de-la-loire,7,5,18,90,10,48,8:56:0,2021/01/15
picardie,2,0,19,90,8.25,53,8:35:0,2021/01/15
poitou-charentes,8,7,30,82,10,55,9:3:0,2021/01/15
rh-ne-alpes,6,5,16,90,6.375,97,9:5:0,2021/01/15
provence-alpes-c-te-d-azur,11,10,41,68,10,19,9:21:0,2021/01/15
alsace,-4,-8,7,95,4,50,8:48:0,2021/01/16
aquitaine,7,2,5,82,10,70,9:13:0,2021/01/16
ardeche,3,-2,18,76,10,36,9:14:0,2021/01/16
auvergne,2,-3,3,88,9.125,69,9:7:0,2021/01/16
bourgogne,1,-3,6,91,9.375,66,8:57:0,2021/01/16
bretagne,8,2,27,95,8.5,96,8:51:0,2021/01/16
centre,1,-1,14,90,9.375,71,8:53:0,2021/01/16
champagne-ardenne,1,-2,13,87,9.625,66,8:43:0,2021/01/16
corse,10,7,9,76,9,66,9:30:0,2021/01/16
franche-comte,-1,-5,6,96,7,53,8:58:0,2021/01/16
ile-de-re,7,3,23,88,7,85,9:5:0,2021/01/16
ile-de-france,1,0,15,90,9.375,80,8:46:0,2021/01/16
languedoc-roussillon,8,3,15,59,10,26,9:21:0,2021/01/16
limousin,4,-2,6,95,7.25,80,9:8:0,2021/01/16
lorraine,-3,-7,5,95,6.625,62,8:44:0,2021/01/16
midi-pyrenees,6,0,13,89,10,47,9:21:0,2021/01/16
nord-pas-de-calais,0,-2,22,91,8.875,78,8:34:0,2021/01/16
normandie,6,1,31,91,9.5,89,8:43:0,2021/01/16
pays-de-la-loire,7,2,27,92,7.375,98,8:58:0,2021/01/16
picardie,1,-1,22,94,8.625,68,8:38:0,2021/01/16
poitou-charentes,7,3,23,88,7,85,9:5:0,2021/01/16
rh-ne-alpes,1,-1,12,83,8.625,81,9:7:0,2021/01/16
provence-alpes-c-te-d-azur,7,5,22,69,10,18,9:23:0,2021/01/16
alsace,2,0,10,100,5.25,100,8:50:0,2021/01/17
aquitaine,10,9,9,96,7.25,98,9:15:0,2021/01/17
ardeche,6,2,22,93,7.875,49,9:16:0,2021/01/17
auvergne,5,2,9,94,7.5,76,9:10:0,2021/01/17
bourgogne,4,2,13,99,5.625,81,8:59:0,2021/01/17
bretagne,8,3,9,92,7.625,70,8:54:0,2021/01/17
centre,6,4,10,94,7.5,66,8:55:0,2021/01/17
champagne-ardenne,4,2,15,98,7.375,81,8:45:0,2021/01/17
corse,9,3,9,76,9.375,56,9:32:0,2021/01/17
franche-comte,3,2,18,99,6.125,99,9:0:0,2021/01/17
ile-de-re,9,7,10,91,6.875,53,9:6:0,2021/01/17
ile-de-france,7,4,11,93,9,75,8:48:0,2021/01/17
languedoc-roussillon,12,8,21,78,10,34,9:23:0,2021/01/17
limousin,5,4,4,99,5,78,9:9:0,2021/01/17
lorraine,1,-4,17,100,6.625,99,8:46:0,2021/01/17
midi-pyrenees,9,8,28,94,8.625,92,9:23:0,2021/01/17
nord-pas-de-calais,4,2,17,93,9.625,63,8:37:0,2021/01/17
normandie,7,4,13,89,9.875,82,8:46:0,2021/01/17
pays-de-la-loire,8,4,7,94,8,45,9:0:0,2021/01/17
picardie,5,1,15,94,10,59,8:40:0,2021/01/17
poitou-charentes,9,7,10,91,6.875,53,9:6:0,2021/01/17
rh-ne-alpes,5,1,8,94,8.25,81,9:10:0,2021/01/17
provence-alpes-c-te-d-azur,10,8,52,74,10,23,9:24:0,2021/01/17
alsace,1,-1,9,99,4.5,81,8:52:0,2021/01/18
aquitaine,9,4,7,87,10,11,9:18:0,2021/01/18
ardeche,5,0,17,89,10,11,9:18:0,2021/01/18
auvergne,5,-1,5,96,9.5,56,9:11:0,2021/01/18
bourgogne,3,-1,7,95,6.375,69,9:1:0,2021/01/18
bretagne,7,2,18,94,10,70,8:55:0,2021/01/18
centre,5,1,12,94,10,37,8:58:0,2021/01/18
champagne-ardenne,4,0,15,96,7,72,8:47:0,2021/01/18
corse,11,2,9,70,10,31,9:34:0,2021/01/18
franche-comte,2,0,5,99,6.125,91,9:1:0,2021/01/18
ile-de-re,7,5,14,84,10,24,9:8:0,2021/01/18
ile-de-france,6,3,13,94,9,60,8:51:0,2021/01/18
languedoc-roussillon,10,5,17,64,10,12,9:25:0,2021/01/18
limousin,6,-1,4,97,7,28,9:11:0,2021/01/18
lorraine,2,0,14,99,5,87,8:48:0,2021/01/18
midi-pyrenees,8,2,3,88,10,23,9:24:0,2021/01/18
nord-pas-de-calais,4,1,20,94,10,60,8:39:0,2021/01/18
normandie,6,2,20,93,9.375,76,8:48:0,2021/01/18
pays-de-la-loire,7,3,15,92,10,65,9:2:0,2021/01/18
picardie,5,1,18,94,9,56,8:43:0,2021/01/18
poitou-charentes,7,5,14,84,10,24,9:9:0,2021/01/18
rh-ne-alpes,4,0,6,95,8,61,9:11:0,2021/01/18
provence-alpes-c-te-d-azur,9,5,29,68,10,6,9:27:0,2021/01/18
alsace,3,-1,18,87,8,75,8:54:0,2021/01/19
aquitaine,11,2,10,85,10,4,9:19:0,2021/01/19
ardeche,6,0,10,74,10,11,9:20:0,2021/01/19
auvergne,9,0,10,67,10,6,9:13:0,2021/01/19
bourgogne,3,-1,19,94,9,30,9:4:0,2021/01/19
bretagne,11,9,30,93,9,99,8:58:0,2021/01/19
centre,6,2,21,86,10,55,8:59:0,2021/01/19
champagne-ardenne,6,3,31,90,7.875,86,8:50:0,2021/01/19
corse,10,5,9,74,10,17,9:36:0,2021/01/19
franche-comte,4,-2,15,88,9.625,28,9:4:0,2021/01/19
ile-de-re,9,5,26,89,10,20,9:11:0,2021/01/19
ile-de-france,8,4,23,84,8,80,8:53:0,2021/01/19
languedoc-roussillon,8,4,10,73,10,26,9:27:0,2021/01/19
limousin,7,-1,12,92,7.625,6,9:14:0,2021/01/19
lorraine,2,1,27,90,8.75,83,8:51:0,2021/01/19
midi-pyrenees,9,1,18,80,10,6,9:27:0,2021/01/19
nord-pas-de-calais,10,6,36,92,8.25,98,8:42:0,2021/01/19
normandie,10,9,32,90,8.25,86,8:51:0,2021/01/19
pays-de-la-loire,11,6,28,94,10,70,9:4:0,2021/01/19
picardie,10,6,33,91,7.625,97,8:45:0,2021/01/19
poitou-charentes,9,5,26,89,10,20,9:11:0,2021/01/19
rh-ne-alpes,6,0,11,87,10,11,9:14:0,2021/01/19
provence-alpes-c-te-d-azur,11,7,12,60,10,34,9:29:0,2021/01/19
alsace,5,1,15,85,10,53,8:57:0,2021/01/20
aquitaine,12,5,20,74,10,51,9:21:0,2021/01/20
ardeche,9,5,27,94,8.875,92,9:22:0,2021/01/20
auvergne,10,3,24,75,10,54,9:16:0,2021/01/20
bourgogne,9,3,37,91,10,56,9:6:0,2021/01/20
bretagne,10,9,37,90,7.125,94,9:0:0,2021/01/20
centre,10,6,26,69,10,70,9:2:0,2021/01/20
champagne-ardenne,8,4,24,75,10,69,8:52:0,2021/01/20
corse,13,9,6,83,9.75,57,9:37:0,2021/01/20
franche-comte,9,4,17,79,10,29,9:6:0,2021/01/20
ile-de-re,11,8,47,78,9,76,9:13:0,2021/01/20
ile-de-france,10,6,25,67,9,87,8:56:0,2021/01/20
languedoc-roussillon,13,9,37,87,10,78,9:28:0,2021/01/20
limousin,8,3,19,70,9.875,55,9:15:0,2021/01/20
lorraine,8,2,23,85,10,61,8:53:0,2021/01/20
midi-pyrenees,10,4,24,86,10,34,9:29:0,2021/01/20
nord-pas-de-calais,8,7,36,84,8.75,100,8:45:0,2021/01/20
normandie,9,8,35,88,7.875,98,8:53:0,2021/01/20
pays-de-la-loire,11,9,41,82,7.625,92,9:7:0,2021/01/20
picardie,8,7,35,82,8.125,92,8:48:0,2021/01/20
poitou-charentes,11,8,47,78,9,76,9:14:0,2021/01/20
rh-ne-alpes,11,6,42,81,10,36,9:16:0,2021/01/20
provence-alpes-c-te-d-azur,13,12,39,84,10,81,9:30:0,2021/01/20
alsace,7,3,26,88,8.875,78,8:59:0,2021/01/21
aquitaine,14,11,28,89,6,94,9:24:0,2021/01/21
ardeche,9,7,11,96,6.875,100,9:24:0,2021/01/21
auvergne,10,7,18,89,8.125,81,9:18:0,2021/01/21
bourgogne,11,9,42,80,6.875,86,9:9:0,2021/01/21
bretagne,10,5,38,85,8.625,71,9:3:0,2021/01/21
centre,11,7,30,81,7.875,85,9:4:0,2021/01/21
champagne-ardenne,9,6,31,80,8.75,92,8:55:0,2021/01/21
corse,14,9,11,76,8.75,72,9:40:0,2021/01/21
franche-comte,10,8,33,79,9.75,80,9:9:0,2021/01/21
ile-de-re,11,10,59,87,8.75,90,9:16:0,2021/01/21
ile-de-france,10,7,25,74,7.375,83,8:58:0,2021/01/21
languedoc-roussillon,13,11,16,88,9.875,46,9:30:0,2021/01/21
limousin,9,8,24,93,8.625,97,9:17:0,2021/01/21
lorraine,9,6,40,87,8.375,84,8:56:0,2021/01/21
midi-pyrenees,12,8,15,70,9,54,9:31:0,2021/01/21
nord-pas-de-calais,8,5,35,79,8.875,90,8:47:0,2021/01/21
normandie,8,5,28,87,8.5,83,8:56:0,2021/01/21
pays-de-la-loire,10,7,45,89,8,91,9:9:0,2021/01/21
picardie,8,5,33,81,9.5,86,8:51:0,2021/01/21
poitou-charentes,11,10,59,87,8.75,90,9:16:0,2021/01/21
rh-ne-alpes,11,9,30,78,9.375,78,9:18:0,2021/01/21
provence-alpes-c-te-d-azur,13,12,32,83,9.875,83,9:32:0,2021/01/21
alsace,7,5,22,85,6.75,95,9:2:0,2021/01/22
aquitaine,11,8,32,87,9,83,9:26:0,2021/01/22
ardeche,9,7,10,98,7.875,90,9:27:0,2021/01/22
auvergne,9,4,22,90,8.5,74,9:21:0,2021/01/22
bourgogne,9,7,25,90,6.875,95,9:11:0,2021/01/22
bretagne,7,4,14,92,9.625,68,9:5:0,2021/01/22
centre,7,5,16,95,8,95,9:7:0,2021/01/22
champagne-ardenne,6,4,14,89,8.25,93,8:58:0,2021/01/22
corse,13,10,28,95,7.75,80,9:42:0,2021/01/22
franche-comte,9,7,24,90,7.75,85,9:11:0,2021/01/22
ile-de-re,10,8,40,93,8.625,89,9:17:0,2021/01/22
ile-de-france,7,5,12,86,6.875,96,9:1:0,2021/01/22
languedoc-roussillon,12,9,20,89,9.375,67,9:33:0,2021/01/22
limousin,7,6,19,94,5.25,97,9:20:0,2021/01/22
lorraine,8,4,27,88,7.625,92,8:58:0,2021/01/22
midi-pyrenees,11,7,56,83,7.875,70,9:32:0,2021/01/22
nord-pas-de-calais,6,3,18,92,9.625,81,8:50:0,2021/01/22
normandie,7,3,14,92,9.5,66,8:58:0,2021/01/22
pays-de-la-loire,6,5,31,96,8.75,73,9:11:0,2021/01/22
picardie,7,3,18,92,9.875,78,8:53:0,2021/01/22
poitou-charentes,10,8,40,93,8.625,89,9:17:0,2021/01/22
rh-ne-alpes,10,8,19,86,8.25,86,9:21:0,2021/01/22
provence-alpes-c-te-d-azur,13,12,31,84,8.5,68,9:35:0,2021/01/22
alsace,6,3,10,91,8.75,86,9:4:0,2021/01/23
aquitaine,9,8,41,76,9.5,84,9:28:0,2021/01/23
ardeche,3,1,8,95,9.25,54,9:28:0,2021/01/23
auvergne,5,-1,28,89,8.625,59,9:22:0,2021/01/23
bourgogne,5,2,20,95,8.25,86,9:12:0,2021/01/23
bretagne,7,3,22,88,9.75,65,9:8:0,2021/01/23
centre,4,2,17,93,8.875,59,9:9:0,2021/01/23
champagne-ardenne,4,2,15,94,9.75,81,9:0:0,2021/01/23
corse,10,8,50,77,9.5,78,9:43:0,2021/01/23
franche-comte,6,3,14,93,7.375,90,9:14:0,2021/01/23
ile-de-re,8,7,54,82,8.5,82,9:19:0,2021/01/23
ile-de-france,5,3,13,85,9,65,9:3:0,2021/01/23
languedoc-roussillon,10,7,50,77,9,48,9:35:0,2021/01/23
limousin,4,2,23,96,5.875,91,9:22:0,2021/01/23
lorraine,4,2,15,96,7,97,9:1:0,2021/01/23
midi-pyrenees,8,5,45,89,8.875,81,9:35:0,2021/01/23
nord-pas-de-calais,5,3,22,90,10,80,8:53:0,2021/01/23
normandie,5,2,17,94,9.75,73,9:1:0,2021/01/23
pays-de-la-loire,7,4,28,92,9.375,61,9:13:0,2021/01/23
picardie,5,2,17,92,10,74,8:56:0,2021/01/23
poitou-charentes,8,7,54,82,8.5,82,9:20:0,2021/01/23
rh-ne-alpes,5,3,22,86,9.625,78,9:22:0,2021/01/23
provence-alpes-c-te-d-azur,10,8,48,67,9.75,46,9:36:0,2021/01/23
alsace,3,1,16,83,7.25,60,9:7:0,2021/01/24
aquitaine,10,6,22,92,9.625,80,9:30:0,2021/01/24
ardeche,5,2,13,89,9.875,49,9:30:0,2021/01/24
auvergne,5,-2,12,94,9.625,89,9:24:0,2021/01/24
bourgogne,4,-1,14,91,8.25,63,9:15:0,2021/01/24
bretagne,6,0,25,89,9.25,70,9:10:0,2021/01/24
centre,4,0,20,92,9.25,48,9:12:0,2021/01/24
champagne-ardenne,3,-1,15,92,8.375,48,9:3:0,2021/01/24
corse,10,8,32,92,8.625,75,9:45:0,2021/01/24
franche-comte,3,0,11,96,8,76,9:16:0,2021/01/24
ile-de-re,9,5,36,85,9.5,81,9:22:0,2021/01/24
ile-de-france,5,3,20,79,8.75,42,9:6:0,2021/01/24
languedoc-roussillon,10,6,30,80,9.25,51,9:36:0,2021/01/24
limousin,4,0,14,96,7.25,95,9:25:0,2021/01/24
lorraine,2,0,19,88,7.75,66,9:4:0,2021/01/24
midi-pyrenees,10,4,27,93,8.375,86,9:37:0,2021/01/24
nord-pas-de-calais,3,-1,19,84,8.375,44,8:56:0,2021/01/24
normandie,5,-1,24,84,9.5,67,9:4:0,2021/01/24
pays-de-la-loire,7,2,27,93,9.625,83,9:16:0,2021/01/24
picardie,3,-1,21,85,9.375,45,8:59:0,2021/01/24
poitou-charentes,9,5,36,85,9.5,81,9:22:0,2021/01/24
rh-ne-alpes,5,1,10,80,9.375,64,9:24:0,2021/01/24
provence-alpes-c-te-d-azur,9,7,48,75,8.375,37,9:38:0,2021/01/24
alsace,3,1,13,95,3.625,84,9:10:0,2021/01/25
aquitaine,9,6,8,78,10,55,9:32:0,2021/01/25
ardeche,5,0,14,87,9.5,48,9:33:0,2021/01/25
auvergne,3,-1,18,83,8.125,74,9:27:0,2021/01/25
bourgogne,2,1,19,90,6.5,82,9:17:0,2021/01/25
bretagne,6,1,17,86,10,38,9:13:0,2021/01/25
centre,5,1,21,85,10,57,9:14:0,2021/01/25
champagne-ardenne,3,1,19,95,8.375,73,9:5:0,2021/01/25
corse,10,9,36,85,9.5,56,9:48:0,2021/01/25
franche-comte,1,0,23,97,3.25,99,9:19:0,2021/01/25
ile-de-re,7,6,23,71,10,44,9:24:0,2021/01/25
ile-de-france,6,2,21,86,6.75,65,9:8:0,2021/01/25
languedoc-roussillon,9,7,24,71,10,39,9:39:0,2021/01/25
limousin,3,-1,9,95,8.5,58,9:27:0,2021/01/25
lorraine,1,-2,19,98,3.5,95,9:6:0,2021/01/25
midi-pyrenees,8,6,17,85,9,58,9:39:0,2021/01/25
nord-pas-de-calais,3,1,17,94,8.25,74,8:59:0,2021/01/25
normandie,5,2,22,80,8.875,49,9:6:0,2021/01/25
pays-de-la-loire,7,2,17,85,10,12,9:18:0,2021/01/25
picardie,4,2,22,91,8.75,71,9:1:0,2021/01/25
poitou-charentes,7,6,23,71,10,44,9:25:0,2021/01/25
rh-ne-alpes,4,1,12,81,7.375,80,9:27:0,2021/01/25
provence-alpes-c-te-d-azur,10,7,36,67,9.625,31,9:41:0,2021/01/25
alsace,3,-2,14,86,8,73,9:12:0,2021/01/26
aquitaine,7,1,12,81,10,30,9:34:0,2021/01/26
ardeche,4,-1,18,81,10,23,9:35:0,2021/01/26
auvergne,4,-3,4,91,9.5,54,9:29:0,2021/01/26
bourgogne,3,-2,8,94,9.75,58,9:21:0,2021/01/26
bretagne,5,-1,21,78,9.375,63,9:15:0,2021/01/26
centre,4,-1,10,88,9.875,38,9:17:0,2021/01/26
champagne-ardenne,4,-1,19,93,8,65,9:8:0,2021/01/26
corse,10,1,10,59,10,7,9:50:0,2021/01/26
franche-comte,2,-3,9,97,6.375,72,9:21:0,2021/01/26
ile-de-re,6,2,19,79,9.375,42,9:27:0,2021/01/26
ile-de-france,5,1,13,84,10,35,9:11:0,2021/01/26
languedoc-roussillon,9,4,19,58,10,34,9:41:0,2021/01/26
limousin,5,-2,4,95,6.875,29,9:29:0,2021/01/26
lorraine,2,-2,21,94,10,83,9:9:0,2021/01/26
midi-pyrenees,7,1,6,84,10,18,9:42:0,2021/01/26
nord-pas-de-calais,3,0,18,92,9.75,55,9:2:0,2021/01/26
normandie,5,-1,17,81,8.75,51,9:9:0,2021/01/26
pays-de-la-loire,6,0,18,82,9,45,9:21:0,2021/01/26
picardie,4,0,19,89,7.75,65,9:4:0,2021/01/26
poitou-charentes,6,2,19,79,9.375,42,9:27:0,2021/01/26
rh-ne-alpes,4,-1,9,86,8.75,49,9:29:0,2021/01/26
provence-alpes-c-te-d-azur,7,4,33,69,10,13,9:43:0,2021/01/26
alsace,2,0,17,87,8.125,88,9:16:0,2021/01/27
aquitaine,14,10,14,98,6.875,96,9:37:0,2021/01/27
ardeche,7,-1,9,65,10,52,9:38:0,2021/01/27
auvergne,8,0,7,86,9.875,81,9:32:0,2021/01/27
bourgogne,3,-1,15,88,9,86,9:24:0,2021/01/27
bretagne,11,7,17,98,4.625,100,9:18:0,2021/01/27
centre,8,3,15,94,6.875,93,9:19:0,2021/01/27
champagne-ardenne,4,2,16,97,9,99,9:12:0,2021/01/27
corse,9,4,10,63,10,8,9:51:0,2021/01/27
franche-comte,2,-2,9,89,9.25,87,9:24:0,2021/01/27
ile-de-re,11,10,19,98,7.5,100,9:29:0,2021/01/27
ile-de-france,7,3,15,94,6.375,99,9:14:0,2021/01/27
languedoc-roussillon,12,5,17,61,10,44,9:43:0,2021/01/27
limousin,9,2,8,96,7.625,98,9:32:0,2021/01/27
lorraine,1,0,18,95,8.625,99,9:12:0,2021/01/27
midi-pyrenees,12,6,17,95,6.25,85,9:44:0,2021/01/27
nord-pas-de-calais,7,2,23,98,5.25,99,9:4:0,2021/01/27
normandie,11,7,17,96,7.75,98,9:11:0,2021/01/27
pays-de-la-loire,12,9,17,99,4.875,100,9:24:0,2021/01/27
picardie,8,2,15,98,5,100,9:7:0,2021/01/27
poitou-charentes,11,10,19,98,7.5,100,9:29:0,2021/01/27
rh-ne-alpes,4,0,6,75,10,76,9:32:0,2021/01/27
provence-alpes-c-te-d-azur,11,5,27,48,10,16,9:45:0,2021/01/27
alsace,9,3,20,99,5.875,97,9:18:0,2021/01/28
aquitaine,16,12,15,95,8.625,96,9:39:0,2021/01/28
ardeche,11,6,5,94,9.75,80,9:40:0,2021/01/28
auvergne,11,8,14,93,7.375,87,9:34:0,2021/01/28
bourgogne,10,6,24,98,6.625,100,9:26:0,2021/01/28
bretagne,13,12,23,93,8,96,9:21:0,2021/01/28
centre,13,11,24,94,9.125,100,9:23:0,2021/01/28
champagne-ardenne,13,9,33,97,7.125,92,9:14:0,2021/01/28
corse,12,6,9,85,10,41,9:53:0,2021/01/28
franche-comte,9,6,28,97,7.25,100,9:26:0,2021/01/28
ile-de-re,12,11,33,95,8.75,100,9:32:0,2021/01/28
ile-de-france,13,10,22,92,8.625,90,9:16:0,2021/01/28
languedoc-roussillon,16,12,22,82,10,38,9:46:0,2021/01/28
limousin,11,10,13,97,4.5,100,9:34:0,2021/01/28
lorraine,10,4,31,100,5.875,97,9:15:0,2021/01/28
midi-pyrenees,15,12,13,96,8.5,68,9:45:0,2021/01/28
nord-pas-de-calais,11,9,36,96,7,99,9:8:0,2021/01/28
normandie,13,11,32,92,8.625,98,9:15:0,2021/01/28
pays-de-la-loire,13,12,31,95,8.5,100,9:26:0,2021/01/28
picardie,12,10,36,95,7,97,9:10:0,2021/01/28
poitou-charentes,12,11,33,95,8.75,100,9:32:0,2021/01/28
rh-ne-alpes,10,5,11,97,8,99,9:34:0,2021/01/28
provence-alpes-c-te-d-azur,14,11,26,77,10,25,9:47:0,2021/01/28
alsace,10,8,18,95,7.375,96,9:21:0,2021/01/29
aquitaine,13,12,21,90,8.75,71,9:41:0,2021/01/29
ardeche,13,8,17,96,7,61,9:42:0,2021/01/29
auvergne,11,9,20,86,9.125,75,9:37:0,2021/01/29
bourgogne,10,7,28,93,9,87,9:29:0,2021/01/29
bretagne,12,8,28,93,8.75,73,9:24:0,2021/01/29
centre,11,9,32,89,9.25,79,9:25:0,2021/01/29
champagne-ardenne,10,9,33,90,9.125,95,9:17:0,2021/01/29
corse,14,12,14,96,6.875,70,9:56:0,2021/01/29
franche-comte,10,9,26,95,8,95,9:29:0,2021/01/29
ile-de-re,12,11,32,91,8.875,72,9:35:0,2021/01/29
ile-de-france,11,10,35,82,9.25,94,9:20:0,2021/01/29
languedoc-roussillon,15,12,28,84,10,38,9:48:0,2021/01/29
limousin,11,9,17,94,7.25,94,9:37:0,2021/01/29
lorraine,9,8,32,93,8.5,96,9:18:0,2021/01/29
midi-pyrenees,14,12,26,86,10,51,9:48:0,2021/01/29
nord-pas-de-calais,10,8,35,86,9.125,81,9:11:0,2021/01/29
normandie,10,9,41,88,9.5,79,9:18:0,2021/01/29
pays-de-la-loire,12,10,31,94,9.375,86,9:29:0,2021/01/29
picardie,11,9,41,89,8.5,96,9:13:0,2021/01/29
poitou-charentes,12,11,32,91,8.875,72,9:34:0,2021/01/29
rh-ne-alpes,13,10,16,90,8.75,82,9:37:0,2021/01/29
provence-alpes-c-te-d-azur,15,12,32,89,10,19,9:50:0,2021/01/29
alsace,7,6,15,91,8.75,100,9:24:0,2021/01/30
aquitaine,12,11,28,83,8.375,96,9:44:0,2021/01/30
ardeche,9,6,6,85,8.75,76,9:45:0,2021/01/30
auvergne,10,6,15,93,9.125,81,9:40:0,2021/01/30
bourgogne,9,6,22,95,9.5,86,9:31:0,2021/01/30
bretagne,11,10,29,91,9.375,99,9:26:0,2021/01/30
centre,11,10,23,95,9.125,79,9:28:0,2021/01/30
champagne-ardenne,10,7,20,97,7.75,100,9:20:0,2021/01/30
corse,14,9,12,91,10,59,9:58:0,2021/01/30
franche-comte,7,6,18,96,8.75,94,9:31:0,2021/01/30
ile-de-re,11,7,37,90,7.625,90,9:37:0,2021/01/30
ile-de-france,12,9,18,94,8.375,89,9:22:0,2021/01/30
languedoc-roussillon,12,10,26,81,9.5,64,9:50:0,2021/01/30
limousin,9,8,16,95,7,98,9:39:0,2021/01/30
lorraine,9,6,18,96,7.5,98,9:20:0,2021/01/30
midi-pyrenees,11,9,31,88,8.75,76,9:50:0,2021/01/30
nord-pas-de-calais,7,2,25,95,6,100,9:13:0,2021/01/30
normandie,10,7,24,90,9.125,84,9:20:0,2021/01/30
pays-de-la-loire,12,10,33,89,8.25,92,9:31:0,2021/01/30
picardie,7,5,17,96,7.5,100,9:17:0,2021/01/30
poitou-charentes,11,7,37,90,7.625,90,9:38:0,2021/01/30
rh-ne-alpes,9,7,11,89,9,90,9:39:0,2021/01/30
provence-alpes-c-te-d-azur,13,11,26,78,9,43,9:52:0,2021/01/30
alsace,3,2,12,90,8.5,98,9:26:0,2021/01/31
aquitaine,12,11,21,90,9.875,99,9:46:0,2021/01/31
ardeche,10,4,12,91,10,51,9:47:0,2021/01/31
auvergne,9,6,5,92,8.125,89,9:42:0,2021/01/31
bourgogne,7,4,3,94,8.375,89,9:34:0,2021/01/31
bretagne,9,7,17,95,8.75,100,9:29:0,2021/01/31
centre,9,7,8,96,6.75,100,9:30:0,2021/01/31
champagne-ardenne,6,3,14,91,8,100,9:23:0,2021/01/31
corse,11,10,42,87,7.625,87,10:0:0,2021/01/31
franche-comte,8,4,5,98,5.75,90,9:34:0,2021/01/31
ile-de-re,10,9,23,94,8.25,78,9:40:0,2021/01/31
ile-de-france,9,5,14,85,6.875,100,9:25:0,2021/01/31
languedoc-roussillon,14,10,25,77,10,40,9:53:0,2021/01/31
limousin,9,7,10,98,6.875,100,9:42:0,2021/01/31
lorraine,5,1,16,91,8.375,100,9:24:0,2021/01/31
midi-pyrenees,11,9,32,89,7.5,93,9:53:0,2021/01/31
nord-pas-de-calais,2,-1,22,85,10,86,9:17:0,2021/01/31
normandie,8,4,17,92,9.25,100,9:23:0,2021/01/31
pays-de-la-loire,10,9,14,96,6.625,92,9:34:0,2021/01/31
picardie,4,1,20,89,9.25,100,9:19:0,2021/01/31
poitou-charentes,10,9,23,94,8.25,78,9:40:0,2021/01/31
rh-ne-alpes,11,5,6,88,8.25,72,9:43:0,2021/01/31
provence-alpes-c-te-d-azur,13,10,42,73,9.625,22,9:54:0,2021/01/31
